{"version": "1", "message": "ERROR: Hidden Testcases server unreachable.", "problem_id": "cspp1_m10_a1_1", "user_id": "tshiva12", "score": {"sample": {"0": {"execution_time": 0.36290526390075684, "passed": false}, "1": {"execution_time": 0.056311607360839844, "passed": false}, "2": {"execution_time": 0.033052921295166016, "passed": false}, "3": {"execution_time": 0.04686570167541504, "passed": false}, "4": {"execution_time": 0.046822309494018555, "passed": false}, "5": {"execution_time": 0.03128457069396973, "passed": false}, "6": {"execution_time": 0.04686331748962402, "passed": false}, "7": {"execution_time": 0.04682517051696777, "passed": false}, "8": {"execution_time": 0.04690098762512207, "passed": false}, "9": {"execution_time": 0.046865224838256836, "passed": false}, "10": {"execution_time": 0.03724932670593262, "passed": false}, "11": {"execution_time": 0.04682111740112305, "passed": false}, "12": {"execution_time": 0.04686379432678223, "passed": false}, "13": {"execution_time": 0.0403139591217041, "passed": false}, "14": {"execution_time": 0.046936750411987305, "passed": false}, "15": {"execution_time": 0.03121781349182129, "passed": false}, "16": {"execution_time": 0.04681849479675293, "passed": false}, "17": {"execution_time": 0.049643516540527344, "passed": false}, "18": {"execution_time": 0.048921823501586914, "passed": false}, "19": {"execution_time": 0.035363197326660156, "passed": false}, "20": {"execution_time": 0.04682111740112305, "passed": false}, "21": {"execution_time": 0.046868085861206055, "passed": false}, "22": {"execution_time": 0.04686331748962402, "passed": false}, "23": {"execution_time": 0.04693174362182617, "passed": false}, "24": {"execution_time": 0.043561697006225586, "passed": false}}}, "pylint_score": "0/0"}