{"version": "1", "message": "ERROR: Hidden Testcases server unreachable.", "problem_id": "cspp1_m10_a1_1", "user_id": "tshiva12", "score": {"sample": {"0": {"execution_time": 0.046817779541015625, "passed": false}, "1": {"execution_time": 0.0312347412109375, "passed": false}, "2": {"execution_time": 0.046861886978149414, "passed": false}, "3": {"execution_time": 0.0469059944152832, "passed": true}, "4": {"execution_time": 0.04570794105529785, "passed": true}, "5": {"execution_time": 0.0376734733581543, "passed": false}, "6": {"execution_time": 0.04687762260437012, "passed": false}, "7": {"execution_time": 0.03741192817687988, "passed": false}, "8": {"execution_time": 0.046868085861206055, "passed": false}, "9": {"execution_time": 0.031235933303833008, "passed": false}, "10": {"execution_time": 0.04682469367980957, "passed": false}, "11": {"execution_time": 0.04686284065246582, "passed": true}, "12": {"execution_time": 0.04884481430053711, "passed": false}, "13": {"execution_time": 0.02704620361328125, "passed": false}, "14": {"execution_time": 0.03128337860107422, "passed": false}, "15": {"execution_time": 0.046865224838256836, "passed": false}, "16": {"execution_time": 0.0491337776184082, "passed": false}, "17": {"execution_time": 0.03951454162597656, "passed": false}, "18": {"execution_time": 0.031244993209838867, "passed": false}, "19": {"execution_time": 0.046865224838256836, "passed": false}, "20": {"execution_time": 0.04686236381530762, "passed": false}, "21": {"execution_time": 0.046823978424072266, "passed": false}, "22": {"execution_time": 0.03128504753112793, "passed": false}, "23": {"execution_time": 0.04686164855957031, "passed": false}, "24": {"execution_time": 0.046865224838256836, "passed": false}}}, "pylint_score": "4/10"}