{"version": "1", "message": "ERROR: Hidden Testcases server unreachable.", "problem_id": "cspp1_m10_a1_1", "user_id": "tshiva12", "score": {"sample": {"0": {"execution_time": 0.046807050704956055, "passed": false}, "1": {"execution_time": 0.031242847442626953, "passed": true}, "2": {"execution_time": 0.05591726303100586, "passed": true}, "3": {"execution_time": 0.04040837287902832, "passed": true}, "4": {"execution_time": 0.03120732307434082, "passed": true}, "5": {"execution_time": 0.062474966049194336, "passed": false}, "6": {"execution_time": 0.03124833106994629, "passed": true}, "7": {"execution_time": 0.04548001289367676, "passed": true}, "8": {"execution_time": 0.04686450958251953, "passed": true}, "9": {"execution_time": 0.04689979553222656, "passed": false}, "10": {"execution_time": 0.0468754768371582, "passed": true}, "11": {"execution_time": 0.04681682586669922, "passed": true}, "12": {"execution_time": 0.04686570167541504, "passed": true}, "13": {"execution_time": 0.03128480911254883, "passed": false}, "14": {"execution_time": 0.05015850067138672, "passed": false}, "15": {"execution_time": 0.04823660850524902, "passed": false}, "16": {"execution_time": 0.04686784744262695, "passed": false}, "17": {"execution_time": 0.031281232833862305, "passed": false}, "18": {"execution_time": 0.05671191215515137, "passed": false}, "19": {"execution_time": 0.0327906608581543, "passed": false}, "20": {"execution_time": 0.04682660102844238, "passed": false}, "21": {"execution_time": 0.04686260223388672, "passed": false}, "22": {"execution_time": 0.03459882736206055, "passed": false}, "23": {"execution_time": 0.04686379432678223, "passed": false}, "24": {"execution_time": 0.04682135581970215, "passed": false}}}, "pylint_score": "4/10"}