{"version": "1", "message": "ERROR: Hidden Testcases server unreachable.", "problem_id": "cspp1_m10_a1_1", "user_id": "tshiva12", "score": {"sample": {"0": {"execution_time": 0.17427325248718262, "passed": true}, "1": {"execution_time": 0.10761833190917969, "passed": true}, "2": {"execution_time": 0.10645055770874023, "passed": true}, "3": {"execution_time": 0.12578511238098145, "passed": true}, "4": {"execution_time": 0.12392902374267578, "passed": true}, "5": {"execution_time": 0.09987020492553711, "passed": false}, "6": {"execution_time": 0.10021805763244629, "passed": true}, "7": {"execution_time": 0.12096691131591797, "passed": false}, "8": {"execution_time": 0.11489248275756836, "passed": true}, "9": {"execution_time": 0.09591817855834961, "passed": false}, "10": {"execution_time": 0.09497284889221191, "passed": false}, "11": {"execution_time": 0.1259922981262207, "passed": true}, "12": {"execution_time": 0.15437030792236328, "passed": false}, "13": {"execution_time": 0.0983126163482666, "passed": false}, "14": {"execution_time": 0.09487462043762207, "passed": false}, "15": {"execution_time": 0.09587502479553223, "passed": false}, "16": {"execution_time": 0.137589693069458, "passed": true}, "17": {"execution_time": 0.09718179702758789, "passed": true}, "18": {"execution_time": 0.09837841987609863, "passed": false}, "19": {"execution_time": 0.09884953498840332, "passed": false}, "20": {"execution_time": 0.09809589385986328, "passed": true}, "21": {"execution_time": 0.0990605354309082, "passed": false}, "22": {"execution_time": 0.12584948539733887, "passed": false}, "23": {"execution_time": 0.1481761932373047, "passed": false}, "24": {"execution_time": 0.09996390342712402, "passed": false}}}, "pylint_score": "5/10"}