{"version": "1", "message": "ERROR: Hidden Testcases server unreachable.", "problem_id": "cspp1_m10_a1_1", "user_id": "tshiva12", "score": {"sample": {"0": {"execution_time": 0.046865224838256836, "passed": false}, "1": {"execution_time": 0.0447688102722168, "passed": false}, "2": {"execution_time": 0.03945302963256836, "passed": false}, "3": {"execution_time": 0.031287193298339844, "passed": false}, "4": {"execution_time": 0.03774595260620117, "passed": false}, "5": {"execution_time": 0.046861886978149414, "passed": false}, "6": {"execution_time": 0.03124070167541504, "passed": false}, "7": {"execution_time": 0.046825408935546875, "passed": false}, "8": {"execution_time": 0.054929494857788086, "passed": false}, "9": {"execution_time": 0.03711414337158203, "passed": false}, "10": {"execution_time": 0.0469050407409668, "passed": false}, "11": {"execution_time": 0.04996824264526367, "passed": false}, "12": {"execution_time": 0.03637838363647461, "passed": false}, "13": {"execution_time": 0.049920082092285156, "passed": false}, "14": {"execution_time": 0.03128552436828613, "passed": false}, "15": {"execution_time": 0.04682207107543945, "passed": false}, "16": {"execution_time": 0.046913862228393555, "passed": false}, "17": {"execution_time": 0.031195640563964844, "passed": false}, "18": {"execution_time": 0.04690051078796387, "passed": false}, "19": {"execution_time": 0.046866655349731445, "passed": false}, "20": {"execution_time": 0.046894073486328125, "passed": false}, "21": {"execution_time": 0.04402422904968262, "passed": false}, "22": {"execution_time": 0.04262971878051758, "passed": false}, "23": {"execution_time": 0.031243324279785156, "passed": false}, "24": {"execution_time": 0.03124260902404785, "passed": false}}}, "pylint_score": "3/10"}