{"version": "1", "message": "ERROR: Hidden Testcases server unreachable.", "problem_id": "cspp1_m10_a1_1", "user_id": "tshiva12", "score": {"sample": {"0": {"execution_time": 0.17275166511535645, "passed": true}, "1": {"execution_time": 0.21033287048339844, "passed": false}, "2": {"execution_time": 0.08909821510314941, "passed": false}, "3": {"execution_time": 0.13708233833312988, "passed": false}, "4": {"execution_time": 0.09337186813354492, "passed": false}, "5": {"execution_time": 0.09281206130981445, "passed": false}, "6": {"execution_time": 0.09819579124450684, "passed": false}, "7": {"execution_time": 0.10491394996643066, "passed": false}, "8": {"execution_time": 0.09776425361633301, "passed": false}, "9": {"execution_time": 0.10178112983703613, "passed": false}, "10": {"execution_time": 0.07389640808105469, "passed": false}, "11": {"execution_time": 0.08982181549072266, "passed": false}, "12": {"execution_time": 0.08810234069824219, "passed": false}, "13": {"execution_time": 0.09814715385437012, "passed": false}, "14": {"execution_time": 0.10450267791748047, "passed": false}, "15": {"execution_time": 0.07569169998168945, "passed": false}, "16": {"execution_time": 0.09401869773864746, "passed": false}, "17": {"execution_time": 0.09211564064025879, "passed": true}, "18": {"execution_time": 0.08278012275695801, "passed": false}, "19": {"execution_time": 0.06780409812927246, "passed": false}, "20": {"execution_time": 0.08756685256958008, "passed": true}, "21": {"execution_time": 0.09852218627929688, "passed": false}, "22": {"execution_time": 0.10057926177978516, "passed": false}, "23": {"execution_time": 0.09717369079589844, "passed": false}, "24": {"execution_time": 0.09881043434143066, "passed": false}}}, "pylint_score": "1/10"}