{"version": "1", "message": "ERROR: Hidden Testcases server unreachable.", "problem_id": "cspp1_m10_a1_1", "user_id": "tshiva12", "score": {"sample": {"0": {"execution_time": 0.03118586540222168, "passed": false}, "1": {"execution_time": 0.03128314018249512, "passed": true}, "2": {"execution_time": 0.046865224838256836, "passed": true}, "3": {"execution_time": 0.04682517051696777, "passed": true}, "4": {"execution_time": 0.031238317489624023, "passed": true}, "5": {"execution_time": 0.06252598762512207, "passed": false}, "6": {"execution_time": 0.03124237060546875, "passed": true}, "7": {"execution_time": 0.04686689376831055, "passed": true}, "8": {"execution_time": 0.04682278633117676, "passed": true}, "9": {"execution_time": 0.03128170967102051, "passed": false}, "10": {"execution_time": 0.05621027946472168, "passed": true}, "11": {"execution_time": 0.03829312324523926, "passed": true}, "12": {"execution_time": 0.03119802474975586, "passed": true}, "13": {"execution_time": 0.046904563903808594, "passed": false}, "14": {"execution_time": 0.04682278633117676, "passed": false}, "15": {"execution_time": 0.04686617851257324, "passed": false}, "16": {"execution_time": 0.03128218650817871, "passed": false}, "17": {"execution_time": 0.04686331748962402, "passed": false}, "18": {"execution_time": 0.04682421684265137, "passed": false}, "19": {"execution_time": 0.03124094009399414, "passed": false}, "20": {"execution_time": 0.04328441619873047, "passed": false}, "21": {"execution_time": 0.0373384952545166, "passed": false}, "22": {"execution_time": 0.048021793365478516, "passed": false}, "23": {"execution_time": 0.04228949546813965, "passed": false}, "24": {"execution_time": 0.04266500473022461, "passed": false}}}, "pylint_score": "5/10"}