{"version": "1", "message": "ERROR: Hidden Testcases server unreachable.", "problem_id": "cspp1_m10_a1_1", "user_id": "tshiva12", "score": {"sample": {"0": {"execution_time": 0.046793460845947266, "passed": false}, "1": {"execution_time": 0.031241178512573242, "passed": true}, "2": {"execution_time": 0.04990053176879883, "passed": true}, "3": {"execution_time": 0.04682326316833496, "passed": true}, "4": {"execution_time": 0.031279802322387695, "passed": true}, "5": {"execution_time": 0.04686856269836426, "passed": false}, "6": {"execution_time": 0.031244516372680664, "passed": true}, "7": {"execution_time": 0.03128314018249512, "passed": true}, "8": {"execution_time": 0.046865224838256836, "passed": true}, "9": {"execution_time": 0.04682350158691406, "passed": false}, "10": {"execution_time": 0.031240463256835938, "passed": true}, "11": {"execution_time": 0.046906232833862305, "passed": true}, "12": {"execution_time": 0.04682278633117676, "passed": true}, "13": {"execution_time": 0.031282663345336914, "passed": false}, "14": {"execution_time": 0.04889512062072754, "passed": false}, "15": {"execution_time": 0.04692816734313965, "passed": false}, "16": {"execution_time": 0.031220197677612305, "passed": false}, "17": {"execution_time": 0.05146288871765137, "passed": false}, "18": {"execution_time": 0.043829917907714844, "passed": false}, "19": {"execution_time": 0.0365293025970459, "passed": false}, "20": {"execution_time": 0.031238317489624023, "passed": false}, "21": {"execution_time": 0.031280517578125, "passed": false}, "22": {"execution_time": 0.046822309494018555, "passed": false}, "23": {"execution_time": 0.046866416931152344, "passed": false}, "24": {"execution_time": 0.03128194808959961, "passed": false}}}, "pylint_score": "2/10"}