{"version": "1", "message": "ERROR: Hidden Testcases server unreachable.", "problem_id": "cspp1_m10_a1_1", "user_id": "tshiva12", "score": {"sample": {"0": {"execution_time": 0.14875364303588867, "passed": true}, "1": {"execution_time": 0.11488819122314453, "passed": true}, "2": {"execution_time": 0.1124424934387207, "passed": true}, "3": {"execution_time": 0.11171460151672363, "passed": true}, "4": {"execution_time": 0.11109709739685059, "passed": true}, "5": {"execution_time": 0.09855270385742188, "passed": false}, "6": {"execution_time": 0.11106586456298828, "passed": true}, "7": {"execution_time": 0.09558677673339844, "passed": true}, "8": {"execution_time": 0.09846711158752441, "passed": true}, "9": {"execution_time": 0.09496402740478516, "passed": false}, "10": {"execution_time": 0.09396219253540039, "passed": true}, "11": {"execution_time": 0.11176633834838867, "passed": true}, "12": {"execution_time": 0.12784123420715332, "passed": true}, "13": {"execution_time": 0.0955955982208252, "passed": false}, "14": {"execution_time": 0.1108999252319336, "passed": false}, "15": {"execution_time": 0.12045812606811523, "passed": false}, "16": {"execution_time": 0.09589290618896484, "passed": false}, "17": {"execution_time": 0.09593796730041504, "passed": true}, "18": {"execution_time": 0.09651565551757812, "passed": false}, "19": {"execution_time": 0.11064362525939941, "passed": false}, "20": {"execution_time": 0.09444785118103027, "passed": true}, "21": {"execution_time": 0.09633445739746094, "passed": false}, "22": {"execution_time": 0.10076165199279785, "passed": false}, "23": {"execution_time": 0.1178734302520752, "passed": false}, "24": {"execution_time": 0.11647963523864746, "passed": false}}}, "pylint_score": "5/10"}