{"version": "1", "message": "ERROR: Hidden Testcases server unreachable.", "problem_id": "cspp1_m10_a1_1", "user_id": "tshiva12", "score": {"sample": {"0": {"execution_time": 0.13848519325256348, "passed": false}, "1": {"execution_time": 0.11174416542053223, "passed": true}, "2": {"execution_time": 0.11193180084228516, "passed": true}, "3": {"execution_time": 0.10817337036132812, "passed": true}, "4": {"execution_time": 0.11060452461242676, "passed": true}, "5": {"execution_time": 0.09788131713867188, "passed": false}, "6": {"execution_time": 0.09783053398132324, "passed": true}, "7": {"execution_time": 0.09490704536437988, "passed": true}, "8": {"execution_time": 0.10993003845214844, "passed": true}, "9": {"execution_time": 0.11708450317382812, "passed": false}, "10": {"execution_time": 0.10849380493164062, "passed": true}, "11": {"execution_time": 0.10982632637023926, "passed": true}, "12": {"execution_time": 0.0794987678527832, "passed": true}, "13": {"execution_time": 0.09903526306152344, "passed": false}, "14": {"execution_time": 0.10083675384521484, "passed": false}, "15": {"execution_time": 0.11326003074645996, "passed": false}, "16": {"execution_time": 0.10804319381713867, "passed": false}, "17": {"execution_time": 0.1163628101348877, "passed": false}, "18": {"execution_time": 0.10860252380371094, "passed": false}, "19": {"execution_time": 0.10965156555175781, "passed": false}, "20": {"execution_time": 0.09266924858093262, "passed": false}, "21": {"execution_time": 0.10690093040466309, "passed": false}, "22": {"execution_time": 0.10065531730651855, "passed": false}, "23": {"execution_time": 0.09753274917602539, "passed": false}, "24": {"execution_time": 0.11006307601928711, "passed": false}}}, "pylint_score": "5/10"}