{"version": "1", "message": "ERROR: Hidden Testcases server unreachable.", "problem_id": "cspp1_m10_a1_1", "user_id": "tshiva12", "score": {"sample": {"0": {"execution_time": 0.12332487106323242, "passed": false}, "1": {"execution_time": 0.10434508323669434, "passed": true}, "2": {"execution_time": 0.11572694778442383, "passed": true}, "3": {"execution_time": 0.11217355728149414, "passed": true}, "4": {"execution_time": 0.10280442237854004, "passed": true}, "5": {"execution_time": 0.09566712379455566, "passed": false}, "6": {"execution_time": 0.10392069816589355, "passed": true}, "7": {"execution_time": 0.09900498390197754, "passed": true}, "8": {"execution_time": 0.07028365135192871, "passed": true}, "9": {"execution_time": 0.07299637794494629, "passed": false}, "10": {"execution_time": 0.10264229774475098, "passed": true}, "11": {"execution_time": 0.10421013832092285, "passed": true}, "12": {"execution_time": 0.09432339668273926, "passed": true}, "13": {"execution_time": 0.10487604141235352, "passed": false}, "14": {"execution_time": 0.10448837280273438, "passed": false}, "15": {"execution_time": 0.1014404296875, "passed": false}, "16": {"execution_time": 0.09099864959716797, "passed": false}, "17": {"execution_time": 0.10717511177062988, "passed": false}, "18": {"execution_time": 0.11240792274475098, "passed": false}, "19": {"execution_time": 0.10694289207458496, "passed": false}, "20": {"execution_time": 0.1076207160949707, "passed": false}, "21": {"execution_time": 0.10141229629516602, "passed": false}, "22": {"execution_time": 0.10956621170043945, "passed": false}, "23": {"execution_time": 0.11195063591003418, "passed": false}, "24": {"execution_time": 0.11145639419555664, "passed": false}}}, "pylint_score": "5/10"}