{"version": "1", "message": "ERROR: Hidden Testcases server unreachable.", "problem_id": "cspp1_m10_a1_1", "user_id": "tshiva12", "score": {"sample": {"0": {"execution_time": 0.046796321868896484, "passed": false}, "1": {"execution_time": 0.030988216400146484, "passed": false}, "2": {"execution_time": 0.031245708465576172, "passed": false}, "3": {"execution_time": 0.04686164855957031, "passed": false}, "4": {"execution_time": 0.04978680610656738, "passed": false}, "5": {"execution_time": 0.03766036033630371, "passed": false}, "6": {"execution_time": 0.031241893768310547, "passed": false}, "7": {"execution_time": 0.04686474800109863, "passed": false}, "8": {"execution_time": 0.031241178512573242, "passed": false}, "9": {"execution_time": 0.03790903091430664, "passed": false}, "10": {"execution_time": 0.07792305946350098, "passed": false}, "11": {"execution_time": 0.03124523162841797, "passed": false}, "12": {"execution_time": 0.04690289497375488, "passed": false}, "13": {"execution_time": 0.04664325714111328, "passed": false}, "14": {"execution_time": 0.04102826118469238, "passed": false}, "15": {"execution_time": 0.04121589660644531, "passed": false}, "16": {"execution_time": 0.03240489959716797, "passed": false}, "17": {"execution_time": 0.04037070274353027, "passed": false}, "18": {"execution_time": 0.05006098747253418, "passed": false}, "19": {"execution_time": 0.046823740005493164, "passed": false}, "20": {"execution_time": 0.031282901763916016, "passed": false}, "21": {"execution_time": 0.06252670288085938, "passed": false}, "22": {"execution_time": 0.031252384185791016, "passed": false}, "23": {"execution_time": 0.04685187339782715, "passed": false}, "24": {"execution_time": 0.046912431716918945, "passed": false}}}, "pylint_score": "0/0"}