{"version": "1", "message": "ERROR: Hidden Testcases server unreachable.", "problem_id": "cspp1_m10_a1_1", "user_id": "tshiva12", "score": {"sample": {"0": {"execution_time": 0.03827381134033203, "passed": false}, "1": {"execution_time": 0.046909332275390625, "passed": false}, "2": {"execution_time": 0.031238555908203125, "passed": false}, "3": {"execution_time": 0.03129005432128906, "passed": false}, "4": {"execution_time": 0.04686379432678223, "passed": false}, "5": {"execution_time": 0.031236648559570312, "passed": false}, "6": {"execution_time": 0.04686617851257324, "passed": false}, "7": {"execution_time": 0.04686713218688965, "passed": false}, "8": {"execution_time": 0.031240224838256836, "passed": false}, "9": {"execution_time": 0.04686331748962402, "passed": false}, "10": {"execution_time": 0.046865224838256836, "passed": false}, "11": {"execution_time": 0.04682040214538574, "passed": false}, "12": {"execution_time": 0.031241893768310547, "passed": false}, "13": {"execution_time": 0.046909332275390625, "passed": false}, "14": {"execution_time": 0.046819210052490234, "passed": false}, "15": {"execution_time": 0.03128528594970703, "passed": false}, "16": {"execution_time": 0.046822547912597656, "passed": false}, "17": {"execution_time": 0.04686379432678223, "passed": false}, "18": {"execution_time": 0.03128409385681152, "passed": false}, "19": {"execution_time": 0.04686474800109863, "passed": false}, "20": {"execution_time": 0.04682040214538574, "passed": false}, "21": {"execution_time": 0.031286001205444336, "passed": false}, "22": {"execution_time": 0.04686760902404785, "passed": false}, "23": {"execution_time": 0.04681825637817383, "passed": false}, "24": {"execution_time": 0.04183769226074219, "passed": false}}}, "pylint_score": "5/10"}