{"version": "1", "message": "ERROR: Hidden Testcases server unreachable.", "problem_id": "cspp1_m10_a1_1", "user_id": "tshiva12", "score": {"sample": {"0": {"execution_time": 0.6276609897613525, "passed": false}, "1": {"execution_time": 0.16183233261108398, "passed": false}, "2": {"execution_time": 0.13617515563964844, "passed": false}, "3": {"execution_time": 0.14348196983337402, "passed": false}, "4": {"execution_time": 0.14202547073364258, "passed": false}, "5": {"execution_time": 0.09707188606262207, "passed": false}, "6": {"execution_time": 0.09539294242858887, "passed": false}, "7": {"execution_time": 0.08649420738220215, "passed": false}, "8": {"execution_time": 0.08138108253479004, "passed": false}, "9": {"execution_time": 0.09131407737731934, "passed": false}, "10": {"execution_time": 0.13256192207336426, "passed": false}, "11": {"execution_time": 0.13771724700927734, "passed": false}, "12": {"execution_time": 0.07590579986572266, "passed": false}, "13": {"execution_time": 0.08635401725769043, "passed": false}, "14": {"execution_time": 0.14241957664489746, "passed": false}, "15": {"execution_time": 0.10410428047180176, "passed": false}, "16": {"execution_time": 0.1013638973236084, "passed": false}, "17": {"execution_time": 0.10752367973327637, "passed": false}, "18": {"execution_time": 0.1492464542388916, "passed": false}, "19": {"execution_time": 0.10449576377868652, "passed": false}, "20": {"execution_time": 0.0998985767364502, "passed": false}, "21": {"execution_time": 0.11202669143676758, "passed": false}, "22": {"execution_time": 0.12220144271850586, "passed": false}, "23": {"execution_time": 0.11171650886535645, "passed": false}, "24": {"execution_time": 0.1337907314300537, "passed": false}}}, "pylint_score": "5/10"}