{"version": "1", "message": "ERROR: Hidden Testcases server unreachable.", "problem_id": "cspp1_m10_a1_1", "user_id": "tshiva12", "score": {"sample": {"0": {"execution_time": 0.1729114055633545, "passed": true}, "1": {"execution_time": 0.08424830436706543, "passed": true}, "2": {"execution_time": 0.10386371612548828, "passed": true}, "3": {"execution_time": 0.1076345443725586, "passed": true}, "4": {"execution_time": 0.12583541870117188, "passed": true}, "5": {"execution_time": 0.1262800693511963, "passed": false}, "6": {"execution_time": 0.08861684799194336, "passed": true}, "7": {"execution_time": 0.15141749382019043, "passed": true}, "8": {"execution_time": 0.15011048316955566, "passed": true}, "9": {"execution_time": 0.14043569564819336, "passed": false}, "10": {"execution_time": 0.12393641471862793, "passed": true}, "11": {"execution_time": 0.12051081657409668, "passed": true}, "12": {"execution_time": 0.10934591293334961, "passed": true}, "13": {"execution_time": 0.11440253257751465, "passed": false}, "14": {"execution_time": 0.10999011993408203, "passed": false}, "15": {"execution_time": 0.14143037796020508, "passed": false}, "16": {"execution_time": 0.1239016056060791, "passed": false}, "17": {"execution_time": 0.09469866752624512, "passed": true}, "18": {"execution_time": 0.08621382713317871, "passed": false}, "19": {"execution_time": 0.08762788772583008, "passed": false}, "20": {"execution_time": 0.09557890892028809, "passed": true}, "21": {"execution_time": 0.08418774604797363, "passed": false}, "22": {"execution_time": 0.057916879653930664, "passed": false}, "23": {"execution_time": 0.08238816261291504, "passed": false}, "24": {"execution_time": 0.11805248260498047, "passed": false}}}, "pylint_score": "5/10"}