{"version": "1", "message": "ERROR: Hidden Testcases server unreachable.", "problem_id": "cspp1_m10_a1_1", "user_id": "tshiva12", "score": {"sample": {"0": {"execution_time": 0.1488192081451416, "passed": false}, "1": {"execution_time": 0.09690475463867188, "passed": true}, "2": {"execution_time": 0.09791946411132812, "passed": true}, "3": {"execution_time": 0.131134033203125, "passed": true}, "4": {"execution_time": 0.09926891326904297, "passed": true}, "5": {"execution_time": 0.12480354309082031, "passed": false}, "6": {"execution_time": 0.1256999969482422, "passed": true}, "7": {"execution_time": 0.13066768646240234, "passed": true}, "8": {"execution_time": 0.13797283172607422, "passed": true}, "9": {"execution_time": 0.14343738555908203, "passed": false}, "10": {"execution_time": 0.1297307014465332, "passed": true}, "11": {"execution_time": 0.11869406700134277, "passed": true}, "12": {"execution_time": 0.12271881103515625, "passed": true}, "13": {"execution_time": 0.11599349975585938, "passed": false}, "14": {"execution_time": 0.12161946296691895, "passed": false}, "15": {"execution_time": 0.12153005599975586, "passed": false}, "16": {"execution_time": 0.09678792953491211, "passed": false}, "17": {"execution_time": 0.08254218101501465, "passed": false}, "18": {"execution_time": 0.1152651309967041, "passed": false}, "19": {"execution_time": 0.13907194137573242, "passed": false}, "20": {"execution_time": 0.12427091598510742, "passed": false}, "21": {"execution_time": 0.1224977970123291, "passed": false}, "22": {"execution_time": 0.12876343727111816, "passed": false}, "23": {"execution_time": 0.11186432838439941, "passed": false}, "24": {"execution_time": 0.10092496871948242, "passed": false}}}, "pylint_score": "5/10"}