{"version": "1", "message": "ERROR: Hidden Testcases server unreachable.", "problem_id": "cspp1_m10_a1_1", "user_id": "tshiva12", "score": {"sample": {"0": {"execution_time": 0.17696666717529297, "passed": true}, "1": {"execution_time": 0.16087031364440918, "passed": true}, "2": {"execution_time": 0.10900259017944336, "passed": true}, "3": {"execution_time": 0.10989189147949219, "passed": true}, "4": {"execution_time": 0.09622073173522949, "passed": true}, "5": {"execution_time": 0.11668252944946289, "passed": false}, "6": {"execution_time": 0.08933138847351074, "passed": true}, "7": {"execution_time": 0.09085226058959961, "passed": true}, "8": {"execution_time": 0.1390681266784668, "passed": true}, "9": {"execution_time": 0.09923219680786133, "passed": false}, "10": {"execution_time": 0.08016395568847656, "passed": true}, "11": {"execution_time": 0.0937192440032959, "passed": true}, "12": {"execution_time": 0.09699058532714844, "passed": true}, "13": {"execution_time": 0.09267497062683105, "passed": false}, "14": {"execution_time": 0.10462307929992676, "passed": false}, "15": {"execution_time": 0.13285303115844727, "passed": false}, "16": {"execution_time": 0.09675359725952148, "passed": false}, "17": {"execution_time": 0.11671614646911621, "passed": true}, "18": {"execution_time": 0.13351154327392578, "passed": false}, "19": {"execution_time": 0.10433816909790039, "passed": false}, "20": {"execution_time": 0.13083505630493164, "passed": true}, "21": {"execution_time": 0.12317180633544922, "passed": false}, "22": {"execution_time": 0.12281179428100586, "passed": false}, "23": {"execution_time": 0.08681178092956543, "passed": false}, "24": {"execution_time": 0.07619357109069824, "passed": false}}}, "pylint_score": "5/10"}